date,sport,category,home_team,away_team,market,selection,odds_source,ai_probability,bookmaker_odds,value,safety_score,safety_level,stake,bet_mode,stake_percent,kelly_fraction,bankroll,confidence,ia_badge,learning_adjustment,calibration_adjustment,threshold_profile,decision_status,refusal_reason,decision_reason,result,profit,final_winner,final_score_home,final_score_away,status_detail,resolved_at,score_exact_1,score_exact_1_proba,score_exact_2,score_exact_2_proba,score_exact_3,score_exact_3_proba,tennis_engine_score,tennis_edge,priority,suggested_stake
2026-06-01T13:00:00Z,tennis_atp_french_open,tennis,Felix Auger-Aliassime,Alejandro Tabilo,Player 1 Win,Felix Auger-Aliassime,the-odds-api,0.6671,1.58,0.054,93.5,3 - VALUE BET,0.5,VALUE BET,0.05,0.0931,10.0,Moyenne,VALUE BET,BASELINE,BASELINE,MEGA 74%/3% | SAFE 67%/1% | VALUE 62%/3%,JOUABLE,ok,Value positive 5.4% | Proba IA 66.7% | Mode VALUE BET | Source the-odds-api,WIN,0.29,Felix Auger-Aliassime,3.0,0.0,RESOLVED_FROM_SOFASCORE,2026-06-03T07:10:25.789682+00:00,2-0,62.0,2-1,38.0,,,71.28,0.054,208.3,0.5
2026-06-01T18:15:00Z,tennis_wta_french_open,tennis,Aryna Sabalenka,Naomi Osaka,Player 1 Win,Aryna Sabalenka,the-odds-api,0.82,1.24,0.0168,88.62,2 - SAFE PICK,1.0,SAFE PICK,0.1,0.07,10.0,Elite,SAFE PICK,BASELINE,BASELINE,MEGA 74%/3% | SAFE 67%/1% | VALUE 62%/3%,JOUABLE,ok,Value positive 1.7% | Proba IA 82.0% | Mode SAFE PICK | Source the-odds-api,WIN,0.24,Aryna Sabalenka,2.0,0.0,RESOLVED_FROM_SOFASCORE,2026-06-03T07:10:25.860306+00:00,2-0,61.0,2-1,39.0,,,78.83,0.0168,195.78,1.0
2026-06-03T17:00:00Z,soccer_international_friendlies,football,Gibraltar,British Virgin Islands,Home Win,Gibraltar,verified-web-fallback,0.7498,1.38,0.0347,91.33,1 - MEGA VALUE,1.5,MEGA VALUE,0.15,0.0914,10.0,Forte,MEGA VALUE,BASELINE,+4.0% (12 obs),MEGA 70%/3% | SAFE 63%/1% | VALUE 58%/3%,JOUABLE,ok,Value positive 3.5% | Proba IA 75.0% | Mode MEGA VALUE | MARCHE JUSTE | Calibration +4.0% (12 obs) | Source verified-web-fallback,WIN,0.5699999999999998,Gibraltar,4.0,0.0,RESOLVED_FROM_MANUAL_RESULTS,2026-06-04T06:56:48.973916+00:00,1-0,12.18,2-0,11.33,1-1,8.53,0.0,0.0,202.59,1.5
2026-06-03T18:45:00Z,soccer_international_friendlies,football,Netherlands,Algeria,Home Win,Netherlands,verified-web-fallback,0.7647,1.3,-0.0059,79.29,2B - FAVORI SOLIDE,1.0,FAVORI SOLIDE,0.1,0.0,10.0,Forte,FAVORI SOLIDE,BASELINE,+4.0% (12 obs),MEGA 70%/3% | SAFE 63%/1% | VALUE 58%/3%,JOUABLE,ok,Value negative ou nulle | Proba IA 76.5% | Mode FAVORI SOLIDE | MARCHE JUSTE | Calibration +4.0% (12 obs) | Source verified-web-fallback,LOSS,-1.0,Algeria,0.0,1.0,RESOLVED_FROM_MANUAL_RESULTS,2026-06-04T06:56:48.978040+00:00,1-0,12.12,2-0,11.29,1-1,8.52,0.0,0.0,170.88,1.0
2026-06-03T18:15:00Z,tennis_atp_french_open,tennis,Matteo Berrettini,Matteo Arnaldi,Player 1 Win,Matteo Berrettini,the-odds-api,0.6678018379761036,1.57,0.0484,92.38,3 - VALUE BET,1.0,VALUE BET,0.1,0.085,10.0,Moyenne,VALUE BET,BOOST,BASELINE,MEGA 74%/3% | SAFE 67%/1% | VALUE 62%/3%,JOUABLE,ok,Value positive 4.8% | Proba IA 66.8% | Mode VALUE BET | Learning BOOST | Source the-odds-api,LOSS,-1.0,Matteo Arnaldi,0.0,2.0,RESOLVED_FROM_MANUAL_RESULTS,2026-06-04T06:38:00.891988+00:00,2-0,56.0,2-1,44.0,,,67.36,0.0214,204.3,1.0
2026-06-03T09:00:00Z,tennis_wta_french_open,tennis,Anna Kalinskaya,Maja Chwalinska,Player 1 Win,Anna Kalinskaya,the-odds-api,0.6473,1.73,0.1198,99.86,3 - VALUE BET,0.17,VALUE BET,0.05,0.1641,10.0,Moyenne,VALUE BET,BASELINE,BASELINE,MEGA 74%/3% | SAFE 67%/1% | VALUE 62%/3%,JOUABLE,ok,Value positive 12.0% | Proba IA 64.7% | Mode VALUE BET | Source the-odds-api,LOSS,-0.17,Maja Chwalinska,0.0,2.0,RESOLVED_FROM_SOFASCORE,2026-06-03T11:42:20.700046+00:00,2-0,66.0,2-1,34.0,,,68.42,0.1199,244.63,0.17
2026-06-03T11:30:00Z,tennis_wta_french_open,tennis,Aryna Sabalenka,Diana Shnaider,Player 1 Win,Aryna Sabalenka,the-odds-api,0.8416807672001305,1.11,-0.0657,79.85,2B - FAVORI SOLIDE,1.5,FAVORI SOLIDE,0.15,0.0,10.0,Elite,FAVORI SOLIDE,BOOST,BASELINE,MEGA 74%/3% | SAFE 67%/1% | VALUE 62%/3%,JOUABLE,ok,Value negative ou nulle | Proba IA 84.2% | Mode FAVORI SOLIDE | Learning BOOST | Source the-odds-api,LOSS,-1.5,Diana Shnaider,1.0,2.0,RESOLVED_FROM_MANUAL_RESULTS,2026-06-04T06:38:00.895993+00:00,2-0,66.0,2-1,34.0,,,77.4,-0.0898,177.1,1.5
2026-06-04T19:10:00Z,soccer_international_friendlies,football,France,Côte d'Ivoire,Home Win,France,verified-web-fallback,0.703359,1.35,-0.0505,79.59,2B - FAVORI SOLIDE,1.34,FAVORI SOLIDE,0.180349932705249,0.0,7.43,Forte,FAVORI SOLIDE,GLOBAL_RECENT_REDUCE,+4.0% (13 obs),MEGA 70%/3% | SAFE 63%/1% | VALUE 58%/3%,JOUABLE,ok,Value negative ou nulle | Proba IA 70.3% | Mode FAVORI SOLIDE | MARCHE JUSTE | Learning GLOBAL_RECENT_REDUCE | Calibration +4.0% (13 obs) | Source verified-web-fallback,PENDING,0.0,,,,RESULT_NOT_FOUND_VERIFY_MANUALLY,,1-0,12.18,2-0,11.33,1-1,8.53,0.0,0.0,167.03,1.34
2026-06-04T16:00:00Z,soccer_international_friendlies,football,Slovenia,Cyprus,Home Win,Slovenia,verified-web-fallback,0.6908040000000001,1.37,-0.0536,78.7,2B - FAVORI SOLIDE,1.34,FAVORI SOLIDE,0.180349932705249,0.0,7.43,Forte,FAVORI SOLIDE,GLOBAL_RECENT_REDUCE,+4.0% (13 obs),MEGA 70%/3% | SAFE 63%/1% | VALUE 58%/3%,JOUABLE,ok,Value negative ou nulle | Proba IA 69.1% | Mode FAVORI SOLIDE | MARCHE JUSTE | Learning GLOBAL_RECENT_REDUCE | Calibration +4.0% (13 obs) | Source verified-web-fallback,PENDING,0.0,,,,RESULT_NOT_FOUND_VERIFY_MANUALLY,,1-0,12.37,2-0,11.47,1-1,8.58,0.0,0.0,164.83,1.34
2026-06-05T12:30:00Z,tennis_atp_french_open,tennis,Jakub Mensik,Alexander Zverev,Player 2 Win,Alexander Zverev,the-odds-api,0.8079,1.26,0.018,88.15,2 - SAFE PICK,0.33,SAFE PICK,0.1,0.0691,10.0,Elite,SAFE PICK,BASELINE,BASELINE,MEGA 74%/3% | SAFE 67%/1% | VALUE 62%/3%,JOUABLE,ok,Value positive 1.8% | Proba IA 80.8% | Mode SAFE PICK | Source the-odds-api,PENDING,0.0,,,,RESULT_NOT_FOUND_VERIFY_MANUALLY,,2-0,66.0,2-1,34.0,,,78.07,0.0179,194.74,0.33
2026-06-08T19:10:00Z,soccer_international_friendlies,football,France,Northern Ireland,Home Win,France,verified-web-fallback,0.8424,1.11,-0.0649,75.76,2B - FAVORI SOLIDE,2.0,FAVORI SOLIDE,0.2692,0.0,7.43,Elite,FAVORI SOLIDE,BASELINE,BASELINE,MEGA 70%/3% | SAFE 63%/1% | VALUE 58%/3%,JOUABLE,ok,Value negative ou nulle | Proba IA 84.2% | Mode FAVORI SOLIDE | Source verified-web-fallback,PENDING,0.0,,,,RESULT_NOT_FOUND_VERIFY_MANUALLY,,2-0,21.51,3-0,21.25,4-0,14.11,0.0,0.0,171.09,2.0
2026-06-08T14:00:00Z,tennis_wta_queens_club_champ,tennis,Harriet Dart,Liudmila Samsonova,Player 2 Win,Liudmila Samsonova,the-odds-api,0.6887,1.5,0.0331,91.2,2 - SAFE PICK,2.0,SAFE PICK,0.2692,0.0661,7.43,Forte,SAFE PICK,BASELINE,BASELINE,MEGA 74%/3% | SAFE 67%/1% | VALUE 62%/3%,JOUABLE,ok,Value positive 3.3% | Proba IA 68.9% | Mode SAFE PICK | Source the-odds-api,PENDING,0.0,,,,RESULT_NOT_FOUND_VERIFY_MANUALLY,,2-0,43.1,2-1,25.77,,,65.18,0.033,197.4,2.0
2026-06-09T19:00:00Z,soccer_international_friendlies,football,Peru,Spain,Away Win,Spain,verified-web-fallback,0.8391,1.18,-0.0099,81.96,2B - FAVORI SOLIDE,2.0,FAVORI SOLIDE,0.2692,0.0,7.43,Elite,FAVORI SOLIDE,BASELINE,BASELINE,MEGA 70%/3% | SAFE 63%/1% | VALUE 58%/3%,JOUABLE,ok,Value negative ou nulle | Proba IA 83.9% | Mode FAVORI SOLIDE | MARCHE JUSTE | Source verified-web-fallback,PENDING,0.0,,,,RESULT_NOT_FOUND_VERIFY_MANUALLY,,0-2,24.1,0-3,20.43,0-1,11.57,0.0,0.0,180.04,2.0
2026-06-09T09:00:00Z,tennis_wta_queens_club_champ,tennis,Marie Bouzkova,Polina Kudermetova,Player 1 Win,Marie Bouzkova,the-odds-api,0.7304,1.39,0.0153,91.85,2 - SAFE PICK,2.0,SAFE PICK,0.2692,0.0391,7.43,Forte,SAFE PICK,BASELINE,BASELINE,MEGA 74%/3% | SAFE 67%/1% | VALUE 62%/3%,JOUABLE,ok,Value positive 1.5% | Proba IA 73.0% | Mode SAFE PICK | Source the-odds-api,WIN,0.78,Marie Bouzkova,2.0,0.0,RESOLVED_FROM_SOFASCORE,2026-06-10T11:52:26.787537+00:00,2-0,50.66,2-1,22.39,,,72.43,0.0153,193.63,2.0
2026-06-10T19:00:00Z,soccer_international_friendlies,football,England,Costa Rica,Home Win,England,verified-web-fallback,0.8546,1.17,-0.0001,83.73,2B - FAVORI SOLIDE,2.0,FAVORI SOLIDE,0.2691790040376851,0.0,7.43,Elite,FAVORI SOLIDE,BASELINE,BASELINE,MEGA 70%/3% | SAFE 63%/1% | VALUE 58%/3%,JOUABLE,ok,Value negative ou nulle | Proba IA 85.5% | Mode FAVORI SOLIDE | Source verified-web-fallback,PENDING,0.0,,,,RESULT_NOT_FOUND_VERIFY_MANUALLY,,3-0,21.95,2-0,21.92,4-0,14.77,0.0,0.0,183.74,2.0
2026-06-10T18:45:00Z,soccer_international_friendlies,football,Portugal,Nigeria,Home Win,Portugal,verified-web-fallback,0.7962,1.26,0.0032,81.66,2B - FAVORI SOLIDE,1.5,FAVORI SOLIDE,0.2018842530282638,0.0124,7.43,Elite,FAVORI SOLIDE,BASELINE,BASELINE,MEGA 70%/3% | SAFE 63%/1% | VALUE 58%/3%,JOUABLE,ok,Value positive 0.3% | Proba IA 79.6% | Mode FAVORI SOLIDE | Source verified-web-fallback,PENDING,0.0,,,,RESULT_NOT_FOUND_VERIFY_MANUALLY,,2-0,23.84,3-0,22.13,4-0,13.79,0.0,0.0,177.97,1.5
2026-06-10T11:50:00Z,tennis_wta_queens_club_champ,tennis,Laura Siegemund,Amanda Anisimova,Player 2 Win,Amanda Anisimova,the-odds-api,0.7959,1.32,0.0506,91.65,1 - MEGA VALUE,3.0,MEGA VALUE,0.4038,0.1581,7.43,Elite,MEGA VALUE,BASELINE,BASELINE,MEGA 74%/3% | SAFE 67%/1% | VALUE 62%/3%,JOUABLE,ok,Value positive 5.1% | Proba IA 79.6% | Mode MEGA VALUE | Source the-odds-api,WIN,0.96,Amanda Anisimova,0.0,2.0,RESOLVED_FROM_SOFASCORE,2026-06-11T12:37:21.251467+00:00,2-0,57.31,2-1,22.29,,,80.02,0.0506,213.11,3.0
2026-06-11T19:00:00Z,soccer_fifa_world_cup,football,Mexico,South Africa,Home Win,Mexico,the-odds-api,0.772,1.45,0.1194,100.0,1 - MEGA VALUE,3.0,MEGA VALUE,0.4038,0.22,7.43,Forte,MEGA VALUE,BASELINE,+4.0% (15 obs),MEGA 70%/3% | SAFE 63%/1% | VALUE 58%/3%,JOUABLE,ok,Value positive 11.9% | Proba IA 77.2% | Mode MEGA VALUE | VALUE CLAIRE | Calibration +4.0% (15 obs) | Source the-odds-api,WIN,1.35,Mexico,2.0,0.0,RESOLVED_FROM_ODDS_API,2026-06-12T11:59:10.274996+00:00,2-0,24.43,3-0,19.84,1-0,12.27,0.0,0.0,253.38,3.0
2026-06-11T09:00:00Z,tennis_wta_queens_club_champ,tennis,Elena Rybakina,Tatjana Maria,Player 1 Win,Elena Rybakina,the-odds-api,0.7626,1.23,-0.062,76.44,2B - FAVORI SOLIDE,1.83,FAVORI SOLIDE,0.2463,0.0,7.43,Forte,FAVORI SOLIDE,LOW_VALUE_FAVORITE,BASELINE,MEGA 74%/3% | SAFE 67%/1% | VALUE 62%/3%,JOUABLE,ok,Value negative ou nulle | Proba IA 76.3% | Mode FAVORI SOLIDE | Learning LOW_VALUE_FAVORITE | Source the-odds-api,PENDING,0.0,,,,RESULT_NOT_FOUND_VERIFY_MANUALLY,,2-0,54.24,2-1,22.02,,,73.38,-0.062,166.51,1.83
2026-06-12T19:00:00Z,soccer_fifa_world_cup,football,Canada,Bosnia & Herzegovina,Home Win,Canada,the-odds-api,0.6109,1.85,0.1302,96.48,3 - VALUE BET,1.0,VALUE BET,0.1346,0.1531,7.43,Moyenne,VALUE BET,BASELINE,+4.0% (24 obs),MEGA 70%/3% | SAFE 63%/1% | VALUE 58%/3%,JOUABLE,ok,Value positive 13.0% | Proba IA 61.1% | Mode VALUE BET | Calibration +4.0% (24 obs) | Source the-odds-api,LOSS,-1.0,DRAW,1.0,1.0,RESOLVED_FROM_ODDS_API,2026-06-13T09:50:23.128653+00:00,1-0,17.9,2-0,15.5,2-1,11.64,0.0,0.0,241.52,1.0
2026-06-12T10:08:00Z,tennis_wta_queens_club_champ,tennis,Elena Rybakina,Tatjana Maria,Player 1 Win,Elena Rybakina,the-odds-api,0.7573,1.5,0.136,100.0,1 - MEGA VALUE,3.0,MEGA VALUE,0.4038,0.22,7.43,Forte,MEGA VALUE,BASELINE,BASELINE,MEGA 74%/3% | SAFE 67%/1% | VALUE 62%/3%,JOUABLE,ok,Value positive 13.6% | Proba IA 75.7% | Mode MEGA VALUE | Source the-odds-api,PENDING,0.0,,,,RESULT_NOT_FOUND_VERIFY_MANUALLY,,2-0,53.63,2-1,22.1,,,84.56,0.1359,259.47,3.0
2026-06-12T09:00:00Z,tennis_wta_queens_club_champ,tennis,Iva Jović,Amanda Anisimova,Player 2 Win,Amanda Anisimova,the-odds-api,0.6221,1.8,0.1198,99.49,3 - VALUE BET,1.0,VALUE BET,0.1346,0.1497,7.43,Moyenne,VALUE BET,BASELINE,BASELINE,MEGA 74%/3% | SAFE 67%/1% | VALUE 62%/3%,JOUABLE,ok,Value positive 12.0% | Proba IA 62.2% | Mode VALUE BET | Source the-odds-api,PENDING,0.0,,,,RESULT_NOT_FOUND_VERIFY_MANUALLY,,2-0,38.52,2-1,23.69,,,73.74,0.1198,242.3,1.0
2026-06-13T19:00:00Z,soccer_fifa_world_cup,football,Qatar,Switzerland,Away Win,Switzerland,the-odds-api,0.8075,1.25,0.0094,82.84,2B - FAVORI SOLIDE,2.0,FAVORI SOLIDE,0.2692,0.0375,7.43,Elite,FAVORI SOLIDE,BASELINE,BASELINE,MEGA 70%/3% | SAFE 63%/1% | VALUE 58%/3%,JOUABLE,ok,Value positive 0.9% | Proba IA 80.8% | Mode FAVORI SOLIDE | MARCHE JUSTE | Source the-odds-api,LOSS,-2.0,DRAW,1.0,1.0,RESOLVED_FROM_ODDS_API,2026-06-14T10:36:53.319822+00:00,0-2,24.5,0-3,19.98,0-1,12.21,0.0,0.0,183.16,2.0
2026-06-14T04:00:00Z,soccer_fifa_world_cup,football,Australia,Turkey,Away Win,Turkey,the-odds-api,0.6073,1.75,0.0628,88.58,3 - VALUE BET,1.0,VALUE BET,0.1346,0.0837,7.43,Moyenne,VALUE BET,BASELINE,+2.8% (28 obs),MEGA 70%/3% | SAFE 63%/1% | VALUE 58%/3%,JOUABLE,ok,Value positive 6.3% | Proba IA 60.7% | Mode VALUE BET | MARCHE JUSTE | Calibration +2.8% (28 obs) | Source the-odds-api,LOSS,-1.0,Australia,2.0,0.0,RESOLVED_FROM_ODDS_API,2026-06-14T10:36:53.335024+00:00,0-1,18.7,0-2,14.12,1-1,12.37,0.0,0.0,200.6,1.0
2026-06-14T17:00:00Z,soccer_fifa_world_cup,football,Germany,Curaçao,Home Win,Germany,the-odds-api,0.9037,1.06,-0.0421,80.97,2B - FAVORI SOLIDE,1.83,FAVORI SOLIDE,0.2463,0.0,7.43,Elite,FAVORI SOLIDE,BASELINE,BASELINE,MEGA 70%/3% | SAFE 63%/1% | VALUE 58%/3%,JOUABLE,ok,Value negative ou nulle | Proba IA 90.4% | Mode FAVORI SOLIDE | Source the-odds-api,WIN,0.11,Germany,7.0,1.0,RESOLVED_FROM_ODDS_API,2026-06-15T17:37:45.903609+00:00,3-0,22.84,2-0,22.24,4-0,15.77,0.0,0.0,183.09,1.83
2026-06-14T01:00:00Z,soccer_fifa_world_cup,football,Haiti,Scotland,Away Win,Scotland,the-odds-api,0.6909,1.49,0.0294,88.25,2 - SAFE PICK,0.33,SAFE PICK,0.1,0.0601,10.0,Forte,SAFE PICK,BASELINE,+4.0% (23 obs),MEGA 70%/3% | SAFE 63%/1% | VALUE 58%/3%,JOUABLE,ok,Value positive 2.9% | Proba IA 69.1% | Mode SAFE PICK | Calibration +4.0% (23 obs) | Source the-odds-api,WIN,0.16,Scotland,0.0,1.0,RESOLVED_FROM_ODDS_API,2026-06-14T10:36:53.365136+00:00,0-1,13.03,1-1,10.23,0-2,10.17,0.0,0.0,191.63,0.33
2026-06-14T23:00:00Z,soccer_fifa_world_cup,football,Ivory Coast,Ecuador,Draw,Draw,the-odds-api,0.3175,2.94,-0.0665,52.53,3B - NUL POSSIBLE,1.0,NUL POSSIBLE,0.1346,0.0,7.43,A EVITER,NUL POSSIBLE,BASELINE,-2.9% (18 obs),MEGA 70%/3% | SAFE 63%/1% | VALUE 58%/3%,JOUABLE,ok,Value negative ou nulle | Proba IA 31.8% | Mode NUL POSSIBLE | NUL SERRE | Calibration -2.9% (18 obs) | Source the-odds-api,LOSS,-1.0,Ivory Coast,1.0,0.0,RESOLVED_FROM_ODDS_API,2026-06-15T17:37:45.916034+00:00,1-1,15.06,1-0,12.09,0-1,11.55,0.0,0.0,99.97,1.0
2026-06-14T19:00:00Z,soccer_spain_segunda_division,football,Málaga,Almería,Draw,Draw,the-odds-api,0.2782,3.4,-0.0541,52.31,3B - NUL POSSIBLE,1.0,NUL POSSIBLE,0.1346,0.0,7.43,A EVITER,NUL POSSIBLE,BASELINE,-0.3% (175 obs),MEGA 70%/3% | SAFE 63%/1% | VALUE 58%/3%,JOUABLE,ok,Value negative ou nulle | Proba IA 27.8% | Mode NUL POSSIBLE | MARCHE JUSTE | Calibration -0.3% (175 obs) | Source the-odds-api,WIN,2.4,DRAW,0.0,0.0,RESOLVED_FROM_ODDS_API,2026-06-15T17:37:45.919610+00:00,1-0,14.73,1-1,13.4,2-0,11.02,0.0,0.0,96.89,1.0
2026-06-15T19:00:00Z,soccer_fifa_world_cup,football,Belgium,Egypt,Home Win,Belgium,the-odds-api,0.6493,1.6,0.0389,87.59,2 - SAFE PICK,1.83,SAFE PICK,0.2463,0.0648,7.43,Moyenne,SAFE PICK,BASELINE,-1.8% (14 obs),MEGA 70%/3% | SAFE 63%/1% | VALUE 58%/3%,JOUABLE,ok,Value positive 3.9% | Proba IA 64.9% | Mode SAFE PICK | VALUE CLAIRE | Calibration -1.8% (14 obs) | Source the-odds-api,LOSS,-1.83,DRAW,1.0,1.0,RESOLVED_FROM_ODDS_API,2026-06-16T16:15:10.838260+00:00,2-0,20.25,1-0,17.91,2-1,9.98,0.0,0.0,191.8,1.83
2026-06-15T22:00:00Z,soccer_fifa_world_cup,football,Saudi Arabia,Uruguay,Away Win,Uruguay,the-odds-api,0.7294,1.49,0.0868,96.47,1 - MEGA VALUE,1.83,MEGA VALUE,0.2463,0.1772,7.43,Forte,MEGA VALUE,BASELINE,+4.0% (22 obs),MEGA 70%/3% | SAFE 63%/1% | VALUE 58%/3%,JOUABLE,ok,Value positive 8.7% | Proba IA 72.9% | Mode MEGA VALUE | Calibration +4.0% (22 obs) | Source the-odds-api,LOSS,-1.83,DRAW,1.0,1.0,RESOLVED_FROM_ODDS_API,2026-06-16T16:15:10.851140+00:00,0-2,20.84,0-1,20.14,1-2,9.11,0.0,0.0,231.16,1.83
2026-06-15T16:00:00Z,soccer_fifa_world_cup,football,Spain,Cape Verde,Home Win,Spain,the-odds-api,0.8876,1.11,-0.0148,83.43,2B - FAVORI SOLIDE,2.0,FAVORI SOLIDE,0.2692,0.0,7.43,Elite,FAVORI SOLIDE,BASELINE,BASELINE,MEGA 70%/3% | SAFE 63%/1% | VALUE 58%/3%,JOUABLE,ok,Value negative ou nulle | Proba IA 88.8% | Mode FAVORI SOLIDE | MARCHE JUSTE | Source the-odds-api,LOSS,-2.0,DRAW,0.0,0.0,RESOLVED_FROM_ODDS_API,2026-06-16T16:15:10.862094+00:00,3-0,22.84,2-0,22.24,4-0,15.77,0.0,0.0,185.61,2.0
2026-06-16T19:00:00Z,soccer_fifa_world_cup,football,France,Senegal,Home Win,France,the-odds-api,0.7486,1.5,0.1229,100.0,1 - MEGA VALUE,3.0,MEGA VALUE,0.4038,0.22,7.43,Forte,MEGA VALUE,BASELINE,+4.0% (15 obs),MEGA 70%/3% | SAFE 63%/1% | VALUE 58%/3%,JOUABLE,ok,Value positive 12.3% | Proba IA 74.9% | Mode MEGA VALUE | VALUE CLAIRE | Calibration +4.0% (15 obs) | Source the-odds-api,WIN,1.5,France,3.0,1.0,RESOLVED_FROM_ODDS_API,2026-06-17T13:00:35.355931+00:00,2-0,23.66,3-0,18.32,1-0,12.45,0.0,0.0,253.25,3.0
2026-06-16T10:30:00Z,tennis_atp_queens_club_champ,tennis,Jakub Mensik,Adrian Mannarino,Player 1 Win,Jakub Mensik,the-odds-api,0.7252,1.54,0.1168,100.0,2 - SAFE PICK,1.83,SAFE PICK,0.2463,0.2163,7.43,Forte,SAFE PICK,BASELINE,BASELINE,MEGA 74%/3% | SAFE 67%/1% | VALUE 62%/3%,JOUABLE,ok,Value positive 11.7% | Proba IA 72.5% | Mode SAFE PICK | Source the-odds-api,PENDING,0.0,,,,RESULT_NOT_FOUND_VERIFY_MANUALLY,,2-0,50.09,2-1,22.42,,,80.68,0.1167,248.99,1.83
2026-06-16T17:45:00Z,tennis_atp_queens_club_champ,tennis,Kamil Majchrzak,Jiri Lehecka,Player 2 Win,Jiri Lehecka,the-odds-api,0.6945,1.52,0.0556,95.1,2 - SAFE PICK,1.83,SAFE PICK,0.2463,0.107,7.43,Forte,SAFE PICK,BASELINE,BASELINE,MEGA 74%/3% | SAFE 67%/1% | VALUE 62%/3%,JOUABLE,ok,Value positive 5.6% | Proba IA 69.5% | Mode SAFE PICK | Source the-odds-api,PENDING,0.0,,,,RESULT_NOT_FOUND_VERIFY_MANUALLY,,2-0,46.92,2-1,22.53,,,73.35,0.0557,213.29,1.83
2026-06-17T01:00:00Z,soccer_fifa_world_cup,football,Argentina,Algeria,Home Win,Argentina,the-odds-api,0.7403,1.41,0.0438,91.98,1 - MEGA VALUE,0.47,MEGA VALUE,0.18,0.1069,10.0,Forte,MEGA VALUE,BASELINE,+4.0% (12 obs),MEGA 70%/3% | SAFE 63%/1% | VALUE 58%/3%,JOUABLE,ok,Value positive 4.4% | Proba IA 74.0% | Mode MEGA VALUE | MARCHE JUSTE | Calibration +4.0% (12 obs) | Source the-odds-api,WIN,0.19,Argentina,3.0,0.0,RESOLVED_FROM_ODDS_API,2026-06-17T13:00:37.703854+00:00,1-0,12.4,2-0,11.49,1-1,8.59,0.0,0.0,206.8,0.47
2026-06-17T04:00:00Z,soccer_fifa_world_cup,football,Austria,Jordan,Home Win,Austria,the-odds-api,0.7638,1.35,0.0311,91.51,1 - MEGA VALUE,0.5,MEGA VALUE,0.15,0.0889,10.0,Forte,MEGA VALUE,BASELINE,+4.0% (12 obs),MEGA 70%/3% | SAFE 63%/1% | VALUE 58%/3%,JOUABLE,ok,Value positive 3.1% | Proba IA 76.4% | Mode MEGA VALUE | MARCHE JUSTE | Calibration +4.0% (12 obs) | Source the-odds-api,WIN,0.18,Austria,3.0,1.0,RESOLVED_FROM_ODDS_API,2026-06-17T13:00:37.717543+00:00,1-0,12.09,2-0,11.27,1-1,8.51,0.0,0.0,202.29,0.5
2026-06-17T20:00:00Z,soccer_fifa_world_cup,football,England,Croatia,Home Win,England,the-odds-api,0.6196,1.78,0.1029,93.71,3 - VALUE BET,0.17,VALUE BET,0.05,0.1319,10.0,Moyenne,VALUE BET,BASELINE,+4.0% (24 obs),MEGA 70%/3% | SAFE 63%/1% | VALUE 58%/3%,JOUABLE,ok,Value positive 10.3% | Proba IA 62.0% | Mode VALUE BET | Calibration +4.0% (24 obs) | Source the-odds-api,WIN,0.13,England,4.0,2.0,RESOLVED_FROM_ODDS_API,2026-06-18T12:03:51.512257+00:00,1-0,12.56,2-0,10.78,1-1,9.66,0.0,0.0,226.3,0.17
2026-06-17T09:30:00Z,tennis_atp_halle_open,tennis,Ben Shelton,Nick Kyrgios,Player 1 Win,Ben Shelton,the-odds-api,0.7761,1.41,0.0943,100.0,1 - MEGA VALUE,1.83,MEGA VALUE,0.2463,0.22,7.43,Forte,MEGA VALUE,BASELINE,BASELINE,MEGA 74%/3% | SAFE 67%/1% | VALUE 62%/3%,JOUABLE,ok,Value positive 9.4% | Proba IA 77.6% | Mode MEGA VALUE | Source the-odds-api,PENDING,0.0,,,,RESULT_NOT_FOUND_VERIFY_MANUALLY,,2-0,55.81,2-1,21.8,,,74.84,0.0943,242.88,1.83
2026-06-17T11:33:00Z,tennis_atp_halle_open,tennis,Frances Tiafoe,Sho Shimabukuro,Player 1 Win,Frances Tiafoe,the-odds-api,0.82,1.35,0.107,100.0,1 - MEGA VALUE,3.0,MEGA VALUE,0.4038,0.22,7.43,Elite,MEGA VALUE,BASELINE,BASELINE,MEGA 74%/3% | SAFE 67%/1% | VALUE 62%/3%,JOUABLE,ok,Value positive 10.7% | Proba IA 82.0% | Mode MEGA VALUE | Source the-odds-api,PENDING,0.0,,,,RESULT_NOT_FOUND_VERIFY_MANUALLY,,2-0,59.04,2-1,22.96,,,79.41,0.107,251.41,3.0
2026-06-17T13:30:00Z,tennis_wta_german_open,tennis,Paula Badosa,Coco Gauff,Player 2 Win,Coco Gauff,the-odds-api,0.7843,1.34,0.051,91.1,1 - MEGA VALUE,1.83,MEGA VALUE,0.2463,0.1499,7.43,Elite,MEGA VALUE,BASELINE,BASELINE,MEGA 74%/3% | SAFE 67%/1% | VALUE 62%/3%,JOUABLE,ok,Value positive 5.1% | Proba IA 78.4% | Mode MEGA VALUE | Source the-odds-api,PENDING,0.0,,,,RESULT_NOT_FOUND_VERIFY_MANUALLY,,2-0,56.47,2-1,21.96,,,79.23,0.0509,211.64,1.83
2026-06-18T22:00:00Z,soccer_fifa_world_cup,football,Canada,Qatar,Home Win,Canada,the-odds-api,0.7603,1.35,0.0264,90.82,2 - SAFE PICK,0.33,SAFE PICK,0.1,0.0754,10.0,Forte,SAFE PICK,BASELINE,+4.0% (12 obs),MEGA 70%/3% | SAFE 63%/1% | VALUE 58%/3%,JOUABLE,ok,Value positive 2.6% | Proba IA 76.0% | Mode SAFE PICK | MARCHE JUSTE | Calibration +4.0% (12 obs) | Source the-odds-api,WIN,0.12,Canada,6.0,0.0,RESOLVED_FROM_ODDS_API,2026-06-19T12:41:31.872196+00:00,1-0,12.19,2-0,11.34,1-1,8.54,0.0,0.0,198.99,0.33
2026-06-18T16:00:00Z,soccer_fifa_world_cup,football,Czech Republic,South Africa,Home Win,Czech Republic,the-odds-api,0.6258,1.82,0.139,98.11,3 - VALUE BET,1.0,VALUE BET,0.1346,0.1695,7.43,Moyenne,VALUE BET,BASELINE,+4.0% (24 obs),MEGA 70%/3% | SAFE 63%/1% | VALUE 58%/3%,JOUABLE,ok,Value positive 13.9% | Proba IA 62.6% | Mode VALUE BET | VALUE CLAIRE | Calibration +4.0% (24 obs) | Source the-odds-api,LOSS,-1.0,DRAW,1.0,1.0,RESOLVED_FROM_ODDS_API,2026-06-19T12:41:31.890406+00:00,1-0,17.2,2-0,17.17,2-1,11.21,0.0,0.0,248.76,1.0
2026-06-18T02:00:00Z,soccer_fifa_world_cup,football,Uzbekistan,Colombia,Away Win,Colombia,the-odds-api,0.7098,1.43,0.015,87.39,2 - SAFE PICK,0.32,SAFE PICK,0.12,0.0349,10.0,Forte,SAFE PICK,BASELINE,+4.0% (23 obs),MEGA 70%/3% | SAFE 63%/1% | VALUE 58%/3%,JOUABLE,ok,Value positive 1.5% | Proba IA 71.0% | Mode SAFE PICK | Calibration +4.0% (23 obs) | Source the-odds-api,WIN,0.14,Colombia,1.0,3.0,RESOLVED_FROM_ODDS_API,2026-06-18T12:03:55.597586+00:00,0-1,13.05,1-1,10.23,0-2,10.18,0.0,0.0,185.48,0.32
2026-06-18T08:00:00Z,tennis_atp_queens_club_champ,tennis,Rinky Hijikata,Jiri Lehecka,Player 2 Win,Jiri Lehecka,the-odds-api,0.7767,1.34,0.0408,89.43,1 - MEGA VALUE,1.83,MEGA VALUE,0.2463,0.1199,7.43,Forte,MEGA VALUE,BASELINE,BASELINE,MEGA 74%/3% | SAFE 67%/1% | VALUE 62%/3%,JOUABLE,ok,Value positive 4.1% | Proba IA 77.7% | Mode MEGA VALUE | Source the-odds-api,PENDING,0.0,,,,RESULT_NOT_FOUND_VERIFY_MANUALLY,,2-0,55.89,2-1,21.78,,,77.84,0.0408,204.26,1.83
2026-06-18T15:30:00Z,tennis_wta_german_open,tennis,Alexandra Eala,Elena Rybakina,Player 2 Win,Elena Rybakina,the-odds-api,0.852,1.22,0.0394,93.11,1 - MEGA VALUE,3.0,MEGA VALUE,0.4038,0.1793,7.43,Elite,MEGA VALUE,BASELINE,BASELINE,MEGA 74%/3% | SAFE 67%/1% | VALUE 62%/3%,JOUABLE,ok,Value positive 3.9% | Proba IA 85.2% | Mode MEGA VALUE | Source the-odds-api,PENDING,0.0,,,,RESULT_NOT_FOUND_VERIFY_MANUALLY,,2-0,61.34,2-1,23.86,,,82.99,0.0394,214.4,3.0
2026-06-19T01:00:00Z,soccer_fifa_world_cup,football,Mexico,South Korea,Home Win,Mexico,the-odds-api,0.6036,1.85,0.1167,94.62,3 - VALUE BET,1.0,VALUE BET,0.1346,0.1372,7.43,Moyenne,VALUE BET,BASELINE,+4.0% (24 obs),MEGA 70%/3% | SAFE 63%/1% | VALUE 58%/3%,JOUABLE,ok,Value positive 11.7% | Proba IA 60.4% | Mode VALUE BET | Calibration +4.0% (24 obs) | Source the-odds-api,WIN,0.85,Mexico,1.0,0.0,RESOLVED_FROM_ODDS_API,2026-06-19T12:41:34.600717+00:00,1-0,17.83,2-0,15.31,2-1,11.63,0.0,0.0,232.45,1.0
2026-06-19T22:00:00Z,soccer_fifa_world_cup,football,Scotland,Morocco,Away Win,Morocco,the-odds-api,0.5925464682971014,1.76,0.0429,85.67,3 - VALUE BET,1.0,VALUE BET,0.1346,0.0564,7.43,Moyenne,VALUE BET,REDUCE,+2.8% (28 obs),MEGA 70%/3% | SAFE 63%/1% | VALUE 58%/3%,JOUABLE,ok,Value positive 4.3% | Proba IA 59.3% | Mode VALUE BET | MARCHE JUSTE | Learning REDUCE | Calibration +2.8% (28 obs) | Source the-odds-api,WIN,0.76,Morocco,0.0,1.0,RESOLVED_FROM_ODDS_API,2026-06-20T23:20:57.158465+00:00,0-1,18.83,0-2,14.21,1-1,12.33,0.0,0.0,186.71,1.0
2026-06-19T19:00:00Z,soccer_fifa_world_cup,football,USA,Australia,Home Win,USA,the-odds-api,0.6137,1.77,0.0862,91.54,3 - VALUE BET,0.17,VALUE BET,0.05,0.112,10.0,Moyenne,VALUE BET,BASELINE,+4.0% (24 obs),MEGA 70%/3% | SAFE 63%/1% | VALUE 58%/3%,JOUABLE,ok,Value positive 8.6% | Proba IA 61.4% | Mode VALUE BET | Calibration +4.0% (24 obs) | Source the-odds-api,WIN,0.13,USA,2.0,0.0,RESOLVED_FROM_ODDS_API,2026-06-19T23:10:03.298039+00:00,1-0,12.45,2-0,10.6,1-1,9.74,0.0,0.0,215.53,0.17
2026-06-19T09:30:00Z,tennis_atp_halle_open,tennis,Daniel Altmaier,Daniil Medvedev,Player 2 Win,Daniil Medvedev,the-odds-api,0.7857689339658445,1.19,-0.0649,77.4,2B - FAVORI SOLIDE,1.83,FAVORI SOLIDE,0.2463,0.0,7.43,Elite,FAVORI SOLIDE,LOW_VALUE_FAVORITE|REDUCE,BASELINE,MEGA 74%/3% | SAFE 67%/1% | VALUE 62%/3%,JOUABLE,ok,Value negative ou nulle | Proba IA 78.6% | Mode FAVORI SOLIDE | Learning LOW_VALUE_FAVORITE|REDUCE | Source the-odds-api,PENDING,0.0,,,,RESULT_NOT_FOUND_VERIFY_MANUALLY,,2-0,57.52,2-1,22.37,,,75.92,-0.0493,169.56,1.83
2026-06-19T10:30:00Z,tennis_atp_queens_club_champ,tennis,Arthur Fery,Francisco Cerundolo,Player 2 Win,Francisco Cerundolo,the-odds-api,0.6626,1.6,0.0602,93.12,3 - VALUE BET,1.0,VALUE BET,0.1346,0.1003,7.43,Moyenne,VALUE BET,BASELINE,BASELINE,MEGA 74%/3% | SAFE 67%/1% | VALUE 62%/3%,JOUABLE,ok,Value positive 6.0% | Proba IA 66.3% | Mode VALUE BET | Source the-odds-api,PENDING,0.0,,,,RESULT_NOT_FOUND_VERIFY_MANUALLY,,2-0,43.73,2-1,22.53,,,64.42,0.0602,210.07,1.0
2026-06-19T15:30:00Z,tennis_wta_german_open,tennis,Elina Svitolina,Alexandra Eala,Player 1 Win,Elina Svitolina,the-odds-api,0.7598,1.46,0.1093,100.0,1 - MEGA VALUE,3.0,MEGA VALUE,0.4038,0.22,7.43,Forte,MEGA VALUE,BASELINE,BASELINE,MEGA 74%/3% | SAFE 67%/1% | VALUE 62%/3%,JOUABLE,ok,Value positive 10.9% | Proba IA 76.0% | Mode MEGA VALUE | Source the-odds-api,PENDING,0.0,,,,RESULT_NOT_FOUND_VERIFY_MANUALLY,,2-0,53.92,2-1,22.06,,,82.48,0.1093,248.19,3.0
2026-06-20T01:00:00Z,soccer_fifa_world_cup,football,Brazil,Haiti,Home Win,Brazil,the-odds-api,0.8917,1.09,-0.028,82.08,2B - FAVORI SOLIDE,2.0,FAVORI SOLIDE,0.2692,0.0,7.43,Elite,FAVORI SOLIDE,BASELINE,BASELINE,MEGA 70%/3% | SAFE 63%/1% | VALUE 58%/3%,JOUABLE,ok,Value negative ou nulle | Proba IA 89.2% | Mode FAVORI SOLIDE | Source the-odds-api,WIN,0.18,Brazil,3.0,0.0,RESOLVED_FROM_ODDS_API,2026-06-20T23:21:01.233427+00:00,3-0,22.84,2-0,22.24,4-0,15.77,0.0,0.0,183.9,2.0
2026-06-20T20:00:00Z,soccer_fifa_world_cup,football,Germany,Ivory Coast,Home Win,Germany,the-odds-api,0.6471,1.57,0.0159,84.86,2 - SAFE PICK,2.0,SAFE PICK,0.2692,0.028,7.43,Moyenne,SAFE PICK,BASELINE,-1.8% (14 obs),MEGA 70%/3% | SAFE 63%/1% | VALUE 58%/3%,JOUABLE,ok,Value positive 1.6% | Proba IA 64.7% | Mode SAFE PICK | Calibration -1.8% (14 obs) | Source the-odds-api,WIN,1.14,Germany,2.0,1.0,RESOLVED_FROM_ODDS_API,2026-06-20T23:21:01.247744+00:00,2-0,19.78,1-0,17.6,2-1,10.2,0.0,0.0,177.75,2.0
2026-06-20T17:00:00Z,soccer_fifa_world_cup,football,Netherlands,Sweden,Home Win,Netherlands,the-odds-api,0.6304,1.73,0.0906,92.74,2 - SAFE PICK,0.33,SAFE PICK,0.1,0.1241,10.0,Moyenne,SAFE PICK,BASELINE,+4.0% (24 obs),MEGA 70%/3% | SAFE 63%/1% | VALUE 58%/3%,JOUABLE,ok,Value positive 9.1% | Proba IA 63.0% | Mode SAFE PICK | Calibration +4.0% (24 obs) | Source the-odds-api,WIN,0.24,Netherlands,5.0,1.0,RESOLVED_FROM_ODDS_API,2026-06-20T23:21:01.261792+00:00,1-0,12.6,2-0,10.93,1-1,9.59,0.0,0.0,220.34,0.33
2026-06-20T13:00:00Z,tennis_atp_halle_open,tennis,Alexander Zverev,Taylor Fritz,Player 1 Win,Alexander Zverev,the-odds-api,0.6444,1.76,0.1341,100.0,3 - VALUE BET,1.0,VALUE BET,0.1346,0.1765,7.43,Moyenne,VALUE BET,BASELINE,BASELINE,MEGA 74%/3% | SAFE 67%/1% | VALUE 62%/3%,JOUABLE,ok,Value positive 13.4% | Proba IA 64.4% | Mode VALUE BET | Source the-odds-api,PENDING,0.0,,,,RESULT_NOT_FOUND_VERIFY_MANUALLY,,2-0,39.82,2-1,24.61,,,76.5,0.1341,250.79,1.0
2026-06-20T14:10:00Z,tennis_atp_halle_open,tennis,Daniel Altmaier,Frances Tiafoe,Player 2 Win,Frances Tiafoe,the-odds-api,0.7545,1.36,0.0261,94.45,2 - SAFE PICK,2.0,SAFE PICK,0.2692,0.0726,7.43,Forte,SAFE PICK,BASELINE,BASELINE,MEGA 74%/3% | SAFE 67%/1% | VALUE 62%/3%,JOUABLE,ok,Value positive 2.6% | Proba IA 75.4% | Mode SAFE PICK | Source the-odds-api,PENDING,0.0,,,,RESULT_NOT_FOUND_VERIFY_MANUALLY,,2-0,53.31,2-1,22.14,,,75.04,0.0261,203.83,2.0
2026-06-20T12:00:00Z,tennis_wta_german_open,tennis,Linda Noskova,Alexandra Eala,Player 1 Win,Linda Noskova,the-odds-api,0.6459,1.73,0.1174,100.0,3 - VALUE BET,1.0,VALUE BET,0.1346,0.1608,7.43,Moyenne,VALUE BET,BASELINE,BASELINE,MEGA 74%/3% | SAFE 67%/1% | VALUE 62%/3%,JOUABLE,ok,Value positive 11.7% | Proba IA 64.6% | Mode VALUE BET | Source the-odds-api,PENDING,0.0,,,,RESULT_NOT_FOUND_VERIFY_MANUALLY,,2-0,41.44,2-1,23.14,,,75.18,0.1173,243.7,1.0
2026-06-21T19:00:00Z,soccer_fifa_world_cup,football,Belgium,Iran,Home Win,Belgium,the-odds-api,0.7686,1.44,0.1068,100.0,1 - MEGA VALUE,3.0,MEGA VALUE,0.4038,0.22,7.43,Forte,MEGA VALUE,BASELINE,+4.0% (15 obs),MEGA 70%/3% | SAFE 63%/1% | VALUE 58%/3%,JOUABLE,ok,Value positive 10.7% | Proba IA 76.9% | Mode MEGA VALUE | Calibration +4.0% (15 obs) | Source the-odds-api,LOSS,-3.0,DRAW,0.0,0.0,RESOLVED_FROM_ODDS_API,2026-06-21T23:27:10.309087+00:00,2-0,24.14,3-0,19.47,1-0,12.2,0.0,0.0,247.72,3.0
2026-06-21T00:00:00Z,soccer_fifa_world_cup,football,Ecuador,Curaçao,Home Win,Ecuador,the-odds-api,0.8215654436647646,1.15,-0.0552,76.01,2B - FAVORI SOLIDE,1.83,FAVORI SOLIDE,0.2463,0.0,7.43,Elite,FAVORI SOLIDE,REDUCE,BASELINE,MEGA 70%/3% | SAFE 63%/1% | VALUE 58%/3%,JOUABLE,ok,Value negative ou nulle | Proba IA 82.2% | Mode FAVORI SOLIDE | MARCHE JUSTE | Learning REDUCE | Source the-odds-api,LOSS,-1.83,DRAW,0.0,0.0,RESOLVED_FROM_SOFASCORE,2026-06-21T23:27:10.313279+00:00,3-0,22.85,2-0,22.24,4-0,15.76,0.0,0.0,170.0,1.83
2026-06-21T16:00:00Z,soccer_fifa_world_cup,football,Spain,Saudi Arabia,Home Win,Spain,the-odds-api,0.8749,1.13,-0.0114,83.29,2B - FAVORI SOLIDE,1.83,FAVORI SOLIDE,0.2463,0.0,7.43,Elite,FAVORI SOLIDE,BASELINE,BASELINE,MEGA 70%/3% | SAFE 63%/1% | VALUE 58%/3%,JOUABLE,ok,Value negative ou nulle | Proba IA 87.5% | Mode FAVORI SOLIDE | MARCHE JUSTE | Source the-odds-api,WIN,0.24,Spain,4.0,0.0,RESOLVED_FROM_ODDS_API,2026-06-21T23:27:10.326753+00:00,3-0,22.85,2-0,22.25,4-0,15.76,0.0,0.0,184.51,1.83
2026-06-21T04:00:00Z,soccer_fifa_world_cup,football,Tunisia,Japan,Away Win,Japan,the-odds-api,0.7066,1.54,0.0882,95.67,1 - MEGA VALUE,1.83,MEGA VALUE,0.2463,0.1633,7.43,Forte,MEGA VALUE,BASELINE,+4.0% (23 obs),MEGA 70%/3% | SAFE 63%/1% | VALUE 58%/3%,JOUABLE,ok,Value positive 8.8% | Proba IA 70.7% | Mode MEGA VALUE | Calibration +4.0% (23 obs) | Source the-odds-api,WIN,0.99,Japan,0.0,4.0,RESOLVED_FROM_ODDS_API,2026-06-21T23:27:10.338688+00:00,0-1,19.37,0-2,18.89,1-1,9.9,0.0,0.0,228.96,1.83
2026-06-21T22:00:00Z,soccer_fifa_world_cup,football,Uruguay,Cape Verde,Home Win,Uruguay,the-odds-api,0.756,1.45,0.0962,98.66,1 - MEGA VALUE,3.0,MEGA VALUE,0.4038,0.2138,7.43,Forte,MEGA VALUE,BASELINE,+4.0% (15 obs),MEGA 70%/3% | SAFE 63%/1% | VALUE 58%/3%,JOUABLE,ok,Value positive 9.6% | Proba IA 75.6% | Mode MEGA VALUE | Calibration +4.0% (15 obs) | Source the-odds-api,LOSS,-3.0,DRAW,2.0,2.0,RESOLVED_FROM_ODDS_API,2026-06-22T23:30:00.212042+00:00,2-0,23.76,3-0,18.66,1-0,12.32,0.0,0.0,240.3,3.0
2026-06-22T21:00:00Z,soccer_fifa_world_cup,football,France,Iraq,Home Win,France,the-odds-api,0.8672,1.15,-0.0027,83.96,2B - FAVORI SOLIDE,1.83,FAVORI SOLIDE,0.2463,0.0,7.43,Elite,FAVORI SOLIDE,BASELINE,BASELINE,MEGA 70%/3% | SAFE 63%/1% | VALUE 58%/3%,JOUABLE,ok,Value negative ou nulle | Proba IA 86.7% | Mode FAVORI SOLIDE | MARCHE JUSTE | Source the-odds-api,WIN,0.27,France,3.0,0.0,RESOLVED_FROM_ODDS_API,2026-06-23T23:17:23.133156+00:00,3-0,22.89,2-0,22.54,4-0,15.62,0.0,0.0,184.96,1.83
2026-06-22T10:00:00Z,tennis_atp_wimbledon,tennis,Mark Lajal,Luka Pavlovic,Player 1 Win,Mark Lajal,the-odds-api,0.6966256566478242,1.36,-0.0526,80.33,2B - FAVORI SOLIDE,2.0,FAVORI SOLIDE,0.2692,0.0,7.43,Forte,FAVORI SOLIDE,REDUCE|GLOBAL_REDUCE,BASELINE,MEGA 74%/3% | SAFE 67%/1% | VALUE 62%/3%,JOUABLE,ok,Value negative ou nulle | Proba IA 69.7% | Mode FAVORI SOLIDE | Learning REDUCE|GLOBAL_REDUCE | Source the-odds-api,PENDING,0.0,,,,RESULT_NOT_FOUND_VERIFY_MANUALLY,,2-0,49.88,2-1,22.44,,,54.79,-0.0165,167.65,2.0
2026-06-22T09:00:00Z,tennis_wta_bad_homburg_open,tennis,Clara Tauson,Diana Shnaider,Player 2 Win,Diana Shnaider,the-odds-api,0.6806242,1.5,0.0209,90.34,2 - SAFE PICK,2.0,SAFE PICK,0.2692,0.0419,7.43,Forte,SAFE PICK,GLOBAL_REDUCE,BASELINE,MEGA 74%/3% | SAFE 67%/1% | VALUE 62%/3%,JOUABLE,ok,Value positive 2.1% | Proba IA 68.1% | Mode SAFE PICK | Learning GLOBAL_REDUCE | Source the-odds-api,PENDING,0.0,,,,RESULT_NOT_FOUND_VERIFY_MANUALLY,,2-0,46.78,2-1,22.53,,,71.89,0.0397,190.35,2.0
2026-06-23T20:00:00Z,soccer_fifa_world_cup,football,England,Ghana,Home Win,England,the-odds-api,0.7598,1.36,0.0333,91.59,1 - MEGA VALUE,0.5,MEGA VALUE,0.15,0.0926,10.0,Forte,MEGA VALUE,BASELINE,+4.0% (12 obs),MEGA 70%/3% | SAFE 63%/1% | VALUE 58%/3%,JOUABLE,ok,Value positive 3.3% | Proba IA 76.0% | Mode MEGA VALUE | MARCHE JUSTE | Calibration +4.0% (12 obs) | Source the-odds-api,LOSS,-0.5,DRAW,0.0,0.0,RESOLVED_FROM_ODDS_API,2026-06-23T23:17:25.786621+00:00,1-0,12.14,2-0,11.3,1-1,8.53,0.0,0.0,203.07,0.5
2026-06-23T03:00:00Z,soccer_fifa_world_cup,football,Jordan,Algeria,Away Win,Algeria,the-odds-api,0.6951,1.55,0.0774,93.95,2 - SAFE PICK,1.83,SAFE PICK,0.2463,0.1407,7.43,Forte,SAFE PICK,BASELINE,+4.0% (22 obs),MEGA 70%/3% | SAFE 63%/1% | VALUE 58%/3%,JOUABLE,ok,Value positive 7.7% | Proba IA 69.5% | Mode SAFE PICK | Calibration +4.0% (22 obs) | Source the-odds-api,WIN,1.01,Algeria,1.0,2.0,RESOLVED_FROM_ODDS_API,2026-06-23T23:17:25.798288+00:00,0-1,18.77,0-2,17.89,1-1,10.33,0.0,0.0,220.99,1.83
2026-06-23T23:00:00Z,soccer_fifa_world_cup,football,Panama,Croatia,Away Win,Croatia,the-odds-api,0.7071,1.51,0.0677,93.34,1 - MEGA VALUE,3.0,MEGA VALUE,0.4038,0.1328,7.43,Forte,MEGA VALUE,BASELINE,+4.0% (22 obs),MEGA 70%/3% | SAFE 63%/1% | VALUE 58%/3%,JOUABLE,ok,Value positive 6.8% | Proba IA 70.7% | Mode MEGA VALUE | Calibration +4.0% (22 obs) | Source the-odds-api,WIN,1.53,Croatia,0.0,1.0,RESOLVED_FROM_ODDS_API,2026-06-24T23:17:18.473944+00:00,0-1,19.29,0-2,18.83,1-1,9.92,0.0,0.0,216.76,3.0
2026-06-23T17:00:00Z,soccer_fifa_world_cup,football,Portugal,Uzbekistan,Home Win,Portugal,the-odds-api,0.802,1.29,0.0346,85.51,1 - MEGA VALUE,1.83,MEGA VALUE,0.2463,0.1192,7.43,Elite,MEGA VALUE,BASELINE,BASELINE,MEGA 70%/3% | SAFE 63%/1% | VALUE 58%/3%,JOUABLE,ok,Value positive 3.5% | Proba IA 80.2% | Mode MEGA VALUE | Source the-odds-api,WIN,0.53,Portugal,5.0,0.0,RESOLVED_FROM_ODDS_API,2026-06-23T23:17:25.822290+00:00,2-0,23.64,3-0,22.22,4-0,14.01,0.0,0.0,197.56,1.83
2026-06-23T09:30:00Z,tennis_wta_bad_homburg_open,tennis,Elena Gabriela Ruse,Linda Noskova,Player 2 Win,Linda Noskova,the-odds-api,0.6819655,1.5,0.0229,90.98,2 - SAFE PICK,2.0,SAFE PICK,0.2692,0.0459,7.43,Forte,SAFE PICK,GLOBAL_RECENT_REDUCE,BASELINE,MEGA 74%/3% | SAFE 67%/1% | VALUE 62%/3%,JOUABLE,ok,Value positive 2.3% | Proba IA 68.2% | Mode SAFE PICK | Learning GLOBAL_RECENT_REDUCE | Source the-odds-api,PENDING,0.0,,,,RESULT_NOT_FOUND_VERIFY_MANUALLY,,2-0,48.16,2-1,22.51,,,74.57,0.06,192.26,2.0
2026-06-23T15:30:00Z,tennis_wta_bad_homburg_open,tennis,Liudmila Samsonova,Elina Svitolina,Player 2 Win,Elina Svitolina,the-odds-api,0.707345,1.44,0.0186,91.73,2 - SAFE PICK,2.0,SAFE PICK,0.2692,0.0422,7.43,Forte,SAFE PICK,GLOBAL_RECENT_REDUCE,BASELINE,MEGA 74%/3% | SAFE 67%/1% | VALUE 62%/3%,JOUABLE,ok,Value positive 1.9% | Proba IA 70.7% | Mode SAFE PICK | Learning GLOBAL_RECENT_REDUCE | Source the-odds-api,PENDING,0.0,,,,RESULT_NOT_FOUND_VERIFY_MANUALLY,,2-0,50.93,2-1,22.37,,,76.02,0.0555,193.26,2.0
2026-06-24T19:00:00Z,soccer_fifa_world_cup,football,Bosnia & Herzegovina,Qatar,Home Win,Bosnia & Herzegovina,the-odds-api,0.6511,1.57,0.0222,85.75,2 - SAFE PICK,1.83,SAFE PICK,0.2463,0.039,7.43,Moyenne,SAFE PICK,BASELINE,-1.8% (14 obs),MEGA 70%/3% | SAFE 63%/1% | VALUE 58%/3%,JOUABLE,ok,Value positive 2.2% | Proba IA 65.1% | Mode SAFE PICK | Calibration -1.8% (14 obs) | Source the-odds-api,WIN,1.04,Bosnia & Herzegovina,3.0,1.0,RESOLVED_FROM_ODDS_API,2026-06-24T23:17:20.339890+00:00,2-0,20.33,1-0,17.92,2-1,9.95,0.0,0.0,182.04,1.83
2026-06-24T02:00:00Z,soccer_fifa_world_cup,football,Colombia,DR Congo,Home Win,Colombia,the-odds-api,0.7438,1.5,0.1157,100.0,1 - MEGA VALUE,3.0,MEGA VALUE,0.4038,0.22,7.43,Forte,MEGA VALUE,BASELINE,+4.0% (15 obs),MEGA 70%/3% | SAFE 63%/1% | VALUE 58%/3%,JOUABLE,ok,Value positive 11.6% | Proba IA 74.4% | Mode MEGA VALUE | Calibration +4.0% (15 obs) | Source the-odds-api,WIN,1.5,Colombia,1.0,0.0,RESOLVED_FROM_ODDS_API,2026-06-24T23:17:20.346902+00:00,2-0,20.72,1-0,16.87,3-0,15.88,0.0,0.0,249.82,3.0
2026-06-24T22:00:00Z,soccer_fifa_world_cup,football,Morocco,Haiti,Home Win,Morocco,the-odds-api,0.7709,1.33,0.0253,83.14,2 - SAFE PICK,1.83,SAFE PICK,0.2463,0.0767,7.43,Forte,SAFE PICK,BASELINE,BASELINE,MEGA 70%/3% | SAFE 63%/1% | VALUE 58%/3%,JOUABLE,ok,Value positive 2.5% | Proba IA 77.1% | Mode SAFE PICK | Source the-odds-api,WIN,0.6,Morocco,4.0,2.0,RESOLVED_FROM_ODDS_API,2026-06-25T23:28:19.442463+00:00,2-0,24.97,3-0,21.99,1-0,11.6,0.0,0.0,187.89,1.83
2026-06-24T22:00:00Z,soccer_fifa_world_cup,football,Scotland,Brazil,Away Win,Brazil,the-odds-api,0.7275,1.46,0.0621,93.55,1 - MEGA VALUE,3.0,MEGA VALUE,0.4038,0.1351,7.43,Forte,MEGA VALUE,BASELINE,+4.0% (22 obs),MEGA 70%/3% | SAFE 63%/1% | VALUE 58%/3%,JOUABLE,ok,Value positive 6.2% | Proba IA 72.8% | Mode MEGA VALUE | Calibration +4.0% (22 obs) | Source the-odds-api,WIN,1.38,Brazil,0.0,3.0,RESOLVED_FROM_ODDS_API,2026-06-25T23:28:19.453488+00:00,0-2,20.48,0-1,19.87,1-2,9.28,0.0,0.0,216.1,3.0
2026-06-24T09:00:00Z,tennis_wta_bad_homburg_open,tennis,Ekaterina Alexandrova,Mirra Andreeva,Player 2 Win,Mirra Andreeva,the-odds-api,0.7211808000000001,1.43,0.0313,93.73,2 - SAFE PICK,2.0,SAFE PICK,0.2692,0.0728,7.43,Forte,SAFE PICK,GLOBAL_REDUCE,BASELINE,MEGA 74%/3% | SAFE 67%/1% | VALUE 62%/3%,JOUABLE,ok,Value positive 3.1% | Proba IA 72.1% | Mode SAFE PICK | Learning GLOBAL_REDUCE | Source the-odds-api,PENDING,0.0,,,,RESULT_NOT_FOUND_VERIFY_MANUALLY,,2-0,51.09,2-1,22.35,,,75.68,0.0503,202.66,2.0
2026-06-25T20:00:00Z,soccer_fifa_world_cup,football,Curaçao,Ivory Coast,Away Win,Ivory Coast,the-odds-api,0.847,1.18,-0.0005,83.36,2B - FAVORI SOLIDE,1.83,FAVORI SOLIDE,0.2463,0.0,7.43,Elite,FAVORI SOLIDE,BASELINE,BASELINE,MEGA 70%/3% | SAFE 63%/1% | VALUE 58%/3%,JOUABLE,ok,Value negative ou nulle | Proba IA 84.7% | Mode FAVORI SOLIDE | MARCHE JUSTE | Source the-odds-api,WIN,0.33,Ivory Coast,0.0,2.0,RESOLVED_FROM_ODDS_API,2026-06-25T23:28:20.798394+00:00,0-2,23.99,0-3,20.54,0-1,11.41,0.0,0.0,182.66,1.83
2026-06-25T23:00:00Z,soccer_fifa_world_cup,football,Tunisia,Netherlands,Away Win,Netherlands,the-odds-api,0.6925,1.53,0.0595,91.78,2 - SAFE PICK,1.83,SAFE PICK,0.2463,0.1123,7.43,Forte,SAFE PICK,BASELINE,+4.0% (22 obs),MEGA 70%/3% | SAFE 63%/1% | VALUE 58%/3%,JOUABLE,ok,Value positive 5.9% | Proba IA 69.2% | Mode SAFE PICK | Calibration +4.0% (22 obs) | Source the-odds-api,WIN,0.97,Netherlands,1.0,3.0,RESOLVED_FROM_ODDS_API,2026-06-26T23:18:58.821044+00:00,0-1,18.92,0-2,17.96,1-1,10.3,0.0,0.0,209.91,1.83
2026-06-25T15:00:00Z,tennis_wta_bad_homburg_open,tennis,Karolina Muchova,Clara Tauson,Player 1 Win,Karolina Muchova,the-odds-api,0.7389,1.48,0.0936,100.0,2 - SAFE PICK,2.0,SAFE PICK,0.2692,0.1949,7.43,Forte,SAFE PICK,BASELINE,BASELINE,MEGA 74%/3% | SAFE 67%/1% | VALUE 62%/3%,JOUABLE,ok,Value positive 9.4% | Proba IA 73.9% | Mode SAFE PICK | Source the-odds-api,PENDING,0.0,,,,RESULT_NOT_FOUND_VERIFY_MANUALLY,,2-0,51.57,2-1,22.31,,,79.67,0.0935,239.96,2.0
2026-06-25T09:00:00Z,tennis_wta_bad_homburg_open,tennis,Naomi Osaka,Ekaterina Alexandrova,Player 1 Win,Naomi Osaka,the-odds-api,0.6342,1.77,0.1225,100.0,3 - VALUE BET,1.0,VALUE BET,0.1346,0.1591,7.43,Moyenne,VALUE BET,BASELINE,BASELINE,MEGA 74%/3% | SAFE 67%/1% | VALUE 62%/3%,JOUABLE,ok,Value positive 12.2% | Proba IA 63.4% | Mode VALUE BET | Source the-odds-api,PENDING,0.0,,,,RESULT_NOT_FOUND_VERIFY_MANUALLY,,2-0,41.05,2-1,22.36,,,74.8,0.1225,245.08,1.0
2026-06-26T19:00:00Z,soccer_fifa_world_cup,football,Senegal,Iraq,Home Win,Senegal,the-odds-api,0.7461,1.48,0.1042,99.17,1 - MEGA VALUE,3.0,MEGA VALUE,0.4038,0.2171,7.43,Forte,MEGA VALUE,BASELINE,+4.0% (15 obs),MEGA 70%/3% | SAFE 63%/1% | VALUE 58%/3%,JOUABLE,ok,Value positive 10.4% | Proba IA 74.6% | Mode MEGA VALUE | Calibration +4.0% (15 obs) | Source the-odds-api,WIN,1.44,Senegal,5.0,0.0,RESOLVED_FROM_ODDS_API,2026-06-26T23:19:01.435199+00:00,2-0,20.6,1-0,16.7,3-0,15.85,0.0,0.0,243.82,3.0
2026-06-27T23:30:00Z,soccer_fifa_world_cup,football,Colombia,Portugal,Draw,Draw,the-odds-api,0.2786093798913043,3.4,-0.0527,52.49,3B - NUL POSSIBLE,1.0,NUL POSSIBLE,0.1346,0.0,7.43,A EVITER,NUL POSSIBLE,REDUCE,+0.1% (176 obs),MEGA 70%/3% | SAFE 63%/1% | VALUE 58%/3%,JOUABLE,ok,Value negative ou nulle | Proba IA 27.9% | Mode NUL POSSIBLE | MARCHE JUSTE | Learning REDUCE | Calibration +0.1% (176 obs) | Source the-odds-api,PENDING,0.0,,,,MATCH_FOUND_NOT_COMPLETED_YET,,1-1,14.3,0-1,12.78,1-0,11.26,0.0,0.0,97.19,1.0
2026-06-27T21:00:00Z,soccer_fifa_world_cup,football,Croatia,Ghana,Home Win,Croatia,the-odds-api,0.6151,1.75,0.0764,90.47,3 - VALUE BET,0.17,VALUE BET,0.05,0.1019,10.0,Moyenne,VALUE BET,BASELINE,+4.0% (24 obs),MEGA 70%/3% | SAFE 63%/1% | VALUE 58%/3%,JOUABLE,ok,Value positive 7.6% | Proba IA 61.5% | Mode VALUE BET | Calibration +4.0% (24 obs) | Source the-odds-api,WIN,0.13,Croatia,2.0,1.0,RESOLVED_FROM_ODDS_API,2026-06-27T23:14:01.149705+00:00,1-0,12.66,2-0,10.84,1-1,9.64,0.0,0.0,209.82,0.17
2026-06-27T23:30:00Z,soccer_fifa_world_cup,football,DR Congo,Uzbekistan,Home Win,DR Congo,the-odds-api,0.5878780036259104,1.81,0.0641,87.91,3 - VALUE BET,1.0,VALUE BET,0.1346,0.0791,7.43,Moyenne,VALUE BET,REDUCE,+4.0% (24 obs),MEGA 70%/3% | SAFE 63%/1% | VALUE 58%/3%,JOUABLE,ok,Value positive 6.4% | Proba IA 58.8% | Mode VALUE BET | Learning REDUCE | Calibration +4.0% (24 obs) | Source the-odds-api,PENDING,0.0,,,,MATCH_FOUND_NOT_COMPLETED_YET,,1-0,17.61,2-0,15.28,2-1,11.74,0.0,0.0,198.8,1.0
2026-06-27T03:00:00Z,soccer_fifa_world_cup,football,New Zealand,Belgium,Away Win,Belgium,the-odds-api,0.7768,1.3,0.0098,81.61,2B - FAVORI SOLIDE,2.0,FAVORI SOLIDE,0.2692,0.0328,7.43,Forte,FAVORI SOLIDE,BASELINE,BASELINE,MEGA 70%/3% | SAFE 63%/1% | VALUE 58%/3%,JOUABLE,ok,Value positive 1.0% | Proba IA 77.7% | Mode FAVORI SOLIDE | Source the-odds-api,WIN,0.6,Belgium,1.0,5.0,RESOLVED_FROM_ODDS_API,2026-06-27T23:14:01.168893+00:00,0-2,24.95,0-3,19.32,0-1,13.07,0.0,0.0,179.39,2.0
2026-06-27T21:00:00Z,soccer_fifa_world_cup,football,Panama,England,Away Win,England,the-odds-api,0.7693,1.32,0.0155,81.94,2 - SAFE PICK,2.0,SAFE PICK,0.2692,0.0484,7.43,Forte,SAFE PICK,BASELINE,BASELINE,MEGA 70%/3% | SAFE 63%/1% | VALUE 58%/3%,JOUABLE,ok,Value positive 1.6% | Proba IA 76.9% | Mode SAFE PICK | Source the-odds-api,WIN,0.64,England,0.0,2.0,RESOLVED_FROM_ODDS_API,2026-06-27T23:14:01.177739+00:00,0-2,25.08,0-3,19.09,0-1,13.35,0.0,0.0,181.78,2.0
2026-06-27T00:00:00Z,soccer_fifa_world_cup,football,Uruguay,Spain,Away Win,Spain,the-odds-api,0.65376979660001,1.55,0.0133,84.84,2 - SAFE PICK,2.0,SAFE PICK,0.2692,0.0243,7.43,Moyenne,SAFE PICK,REDUCE|GLOBAL_REDUCE,+4.0% (22 obs),MEGA 70%/3% | SAFE 63%/1% | VALUE 58%/3%,JOUABLE,ok,Value positive 1.3% | Proba IA 65.4% | Mode SAFE PICK | Learning REDUCE|GLOBAL_REDUCE | Calibration +4.0% (22 obs) | Source the-odds-api,WIN,1.1,Spain,0.0,1.0,RESOLVED_FROM_SOFASCORE,2026-06-27T23:14:01.181466+00:00,0-1,19.44,0-2,19.12,1-1,9.8,0.0,0.0,177.06,2.0
2026-06-28T02:00:00Z,soccer_fifa_world_cup,football,Algeria,Austria,Draw,Draw,the-odds-api,0.2872,3.3,-0.0522,52.9,3B - NUL POSSIBLE,1.0,NUL POSSIBLE,0.1346,0.0,7.43,A EVITER,NUL POSSIBLE,BASELINE,-0.3% (175 obs),MEGA 70%/3% | SAFE 63%/1% | VALUE 58%/3%,JOUABLE,ok,Value negative ou nulle | Proba IA 28.7% | Mode NUL POSSIBLE | MARCHE JUSTE | Calibration -0.3% (175 obs) | Source the-odds-api,PENDING,0.0,,,,MATCH_FOUND_NOT_COMPLETED_YET,,1-1,14.37,0-1,12.7,1-0,11.34,0.0,0.0,98.4,1.0
2026-06-28T02:00:00Z,soccer_fifa_world_cup,football,Jordan,Argentina,Away Win,Argentina,the-odds-api,0.816,1.2,-0.0208,79.73,2B - FAVORI SOLIDE,2.0,FAVORI SOLIDE,0.2692,0.0,7.43,Elite,FAVORI SOLIDE,BASELINE,BASELINE,MEGA 70%/3% | SAFE 63%/1% | VALUE 58%/3%,JOUABLE,ok,Value negative ou nulle | Proba IA 81.6% | Mode FAVORI SOLIDE | MARCHE JUSTE | Source the-odds-api,PENDING,0.0,,,,MATCH_FOUND_NOT_COMPLETED_YET,,0-2,24.38,0-3,20.13,0-1,12.01,0.0,0.0,175.12,2.0
2026-06-28T19:00:00Z,soccer_fifa_world_cup,football,South Africa,Canada,Away Win,Canada,the-odds-api,0.6082,1.73,0.0522,87.4,3 - VALUE BET,1.0,VALUE BET,0.1346,0.0715,7.43,Moyenne,VALUE BET,BASELINE,+2.2% (30 obs),MEGA 70%/3% | SAFE 63%/1% | VALUE 58%/3%,JOUABLE,ok,Value positive 5.2% | Proba IA 60.8% | Mode VALUE BET | MARCHE JUSTE | Calibration +2.2% (30 obs) | Source the-odds-api,PENDING,0.0,,,,MATCH_FOUND_NOT_COMPLETED_YET,,0-1,19.1,0-2,14.57,1-1,12.18,0.0,0.0,194.37,1.0
2026-06-29T10:00:00Z,tennis_atp_wimbledon,tennis,Andrey Rublev,Roman Safiullin,Player 1 Win,Andrey Rublev,the-odds-api,0.7252,1.54,0.1168,100.0,2 - SAFE PICK,2.0,SAFE PICK,0.2692,0.2163,7.43,Forte,SAFE PICK,BASELINE,BASELINE,MEGA 74%/3% | SAFE 67%/1% | VALUE 62%/3%,JOUABLE,ok,Value positive 11.7% | Proba IA 72.5% | Mode SAFE PICK | Source the-odds-api,PENDING,0.0,,,,,,2-0,50.09,2-1,22.42,,,80.68,0.1167,248.99,2.0
2026-06-29T09:00:00Z,tennis_wta_wimbledon,tennis,Jessica Bouzas Maneiro,Anastasia Potapova,Player 2 Win,Anastasia Potapova,the-odds-api,0.6512,1.72,0.1201,100.0,3 - VALUE BET,1.0,VALUE BET,0.1346,0.1668,7.43,Moyenne,VALUE BET,BASELINE,BASELINE,MEGA 74%/3% | SAFE 67%/1% | VALUE 62%/3%,JOUABLE,ok,Value positive 12.0% | Proba IA 65.1% | Mode VALUE BET | Source the-odds-api,PENDING,0.0,,,,MATCH_FOUND_NOT_COMPLETED_YET,,2-0,39.28,2-1,25.84,,,75.79,0.1201,245.21,1.0
2026-06-29T09:00:00Z,tennis_wta_wimbledon,tennis,Magda Linette,Mirra Andreeva,Player 2 Win,Mirra Andreeva,the-odds-api,0.8426,1.23,0.0364,92.24,1 - MEGA VALUE,3.0,MEGA VALUE,0.4038,0.1583,7.43,Elite,MEGA VALUE,BASELINE,BASELINE,MEGA 74%/3% | SAFE 67%/1% | VALUE 62%/3%,JOUABLE,ok,Value positive 3.6% | Proba IA 84.3% | Mode MEGA VALUE | Source the-odds-api,PENDING,0.0,,,,MATCH_FOUND_NOT_COMPLETED_YET,,2-0,60.66,2-1,23.59,,,82.07,0.0364,211.15,3.0
2026-06-30T01:00:00Z,soccer_fifa_world_cup,football,Netherlands,Morocco,Draw,Draw,the-odds-api,0.2874,3.3,-0.0516,52.99,3B - NUL POSSIBLE,1.0,NUL POSSIBLE,0.1346,0.0,7.43,A EVITER,NUL POSSIBLE,BASELINE,+0.1% (176 obs),MEGA 70%/3% | SAFE 63%/1% | VALUE 58%/3%,JOUABLE,ok,Value negative ou nulle | Proba IA 28.7% | Mode NUL POSSIBLE | Calibration +0.1% (176 obs) | Source the-odds-api,PENDING,0.0,,,,MATCH_FOUND_NOT_COMPLETED_YET,,1-0,15.04,1-1,13.27,2-0,11.45,0.0,0.0,98.54,1.0
2026-06-30T10:00:00Z,tennis_atp_wimbledon,tennis,Jakub Mensik,Toby Samuel,Player 1 Win,Jakub Mensik,the-odds-api,0.7568,1.45,0.0974,100.0,1 - MEGA VALUE,3.0,MEGA VALUE,0.4038,0.2164,7.43,Forte,MEGA VALUE,BASELINE,BASELINE,MEGA 74%/3% | SAFE 67%/1% | VALUE 62%/3%,JOUABLE,ok,Value positive 9.7% | Proba IA 75.7% | Mode MEGA VALUE | Source the-odds-api,PENDING,0.0,,,,,,2-0,53.57,2-1,22.11,,,71.67,0.0974,242.84,3.0
2026-06-30T09:00:00Z,tennis_atp_wimbledon,tennis,Raphael Collignon,Arthur Fils,Player 2 Win,Arthur Fils,the-odds-api,0.6377,1.77,0.1287,100.0,3 - VALUE BET,1.0,VALUE BET,0.1346,0.1672,7.43,Moyenne,VALUE BET,BASELINE,BASELINE,MEGA 74%/3% | SAFE 67%/1% | VALUE 62%/3%,JOUABLE,ok,Value positive 12.9% | Proba IA 63.8% | Mode VALUE BET | Source the-odds-api,PENDING,0.0,,,,,,2-0,39.23,2-1,24.54,,,75.58,0.1287,247.99,1.0
2026-07-02T00:00:00Z,soccer_fifa_world_cup,football,USA,Bosnia & Herzegovina,Home Win,USA,the-odds-api,0.6894,1.6,0.103,96.65,2 - SAFE PICK,2.0,SAFE PICK,0.2692,0.1717,7.43,Forte,SAFE PICK,BASELINE,+2.9% (14 obs),MEGA 70%/3% | SAFE 63%/1% | VALUE 58%/3%,JOUABLE,ok,Value positive 10.3% | Proba IA 68.9% | Mode SAFE PICK | Calibration +2.9% (14 obs) | Source the-odds-api,PENDING,0.0,,,,MATCH_FOUND_NOT_COMPLETED_YET,,2-0,20.47,1-0,18.25,2-1,9.84,0.0,0.0,235.61,2.0
2026-07-03T22:00:00Z,soccer_fifa_world_cup,football,Argentina,Cape Verde,Home Win,Argentina,the-odds-api,0.8618,1.17,0.0083,85.0,2B - FAVORI SOLIDE,2.0,FAVORI SOLIDE,0.2692,0.0489,7.43,Elite,FAVORI SOLIDE,BASELINE,BASELINE,MEGA 70%/3% | SAFE 63%/1% | VALUE 58%/3%,JOUABLE,ok,Value positive 0.8% | Proba IA 86.2% | Mode FAVORI SOLIDE | MARCHE JUSTE | Source the-odds-api,PENDING,0.0,,,,,,3-0,22.92,2-0,22.71,4-0,15.53,0.0,0.0,189.7,2.0
2026-07-16T22:30:00Z,soccer_brazil_campeonato,football,Botafogo,Santos,Draw,Draw,the-odds-api,0.2871,3.5,0.0049,59.47,3B - NUL POSSIBLE,1.0,NUL POSSIBLE,0.1346,0.0019,7.43,A EVITER,NUL POSSIBLE,BASELINE,+3.7% (114 obs),MEGA 70%/3% | SAFE 63%/1% | VALUE 58%/3%,JOUABLE,ok,Value positive 0.5% | Proba IA 28.7% | Mode NUL POSSIBLE | DRAW RISQUE | Calibration +3.7% (114 obs) | Source the-odds-api,PENDING,0.0,,,,MATCH_FOUND_NOT_COMPLETED_YET,,1-0,16.8,2-0,13.53,1-1,12.01,0.0,0.0,110.2,1.0
